2, 7
 2, 8
 2, 9
 2, 10
 2, 11
 2, 53
 2, 62
 2, 67
 2  , 75
 2, 185
 2, 204
 2, 232
 2, 390
 2, 444
 3, 7
 3, 11
 3,  12
 3, 13
 3, 14
 3, 15
 3, 78
 3, 83
 3, 90
 3, 170
 3, 235
  3, 254
 3, 368
 3, 565
 4, 8
 4, 12
 4, 15
 4, 16
 4, 17
 4,  18
 4, 50
 4, 59
 4, 92
 4, 97
 4, 228
 4, 382
 4, 439
 4, 577  
 5, 9
 5, 13
 5, 16
 5, 18
 5, 19
 5, 20
 5, 51
 5, 76
 5,  81
 5, 180
 5, 189
 5, 253
 5, 443
 5, 580
 6, 10
 6, 14
 6,   17
 6, 19
 6, 20
 6, 52
 6, 77
 6, 91
 6, 93
 6, 181
 6, 233
  6, 236
 6, 387
 6, 391
 7, 21
 7, 22
 7, 23
 7, 24
 7, 25
 7,  108
 7, 113
 7, 120
 7, 129
 7, 284
 7, 303
 7, 316
 7, 524
 8  , 22
 8, 25
 8, 26
 8, 27
 8, 28
 8, 31
 8, 40
 8, 122
 8, 127  
 8, 277
 8, 330
 8, 488
 8, 536
 9, 23
 9, 26
 9, 28
 9, 29
  9, 30
 9, 32
 9, 106
 9, 111
 9, 139
 9, 148
 9, 302
 9, 492
  9, 539
 10, 24
 10, 27
 10, 29
 10, 30
 10, 33
 10, 107
 10,   121
 10, 123
 10, 140
 10, 282
 10, 285
 10, 335
 10, 339
 11,   21
 11, 31
 11, 32
 11, 33
 11, 40
 11, 99
 11, 132
 11, 137
   11, 160
 11, 265
 11, 319
 11, 357
 11, 474
 12, 22
 12, 31
 12,  34
 12, 35
 12, 36
 12, 37
 12, 129
 12, 146
 12, 151
 12, 156
  12, 352
 12, 466
 12, 631
 13, 23
 13, 32
 13, 35
 13, 37
 13,  38
 13, 39
 13, 41
 13, 46
 13, 260
 13, 269
 13, 337
 13, 356
  13, 634
 14, 24
 14, 33
 14, 36
 14, 38
 14, 39
 14, 42
 14,   145
 14, 147
 14, 161
 14, 164
 14, 261
 14, 471
 14, 475
 15,   25
 15, 34
 15, 40
 15, 41
 15, 42
 15, 46
 15, 99
 15, 141
   15, 158
 15, 168
 15, 333
 15, 480
 15, 640
 16, 26
 16, 35
 16,  41
 16, 43
 16, 44
 16, 45
 16, 100
 16, 115
 16, 156
 16, 167
  16, 295
 16, 535
 16, 643
 17, 27
 17, 36
 17, 42
 17, 44
 17,  45
 17, 47
 17, 49
 17, 101
 17, 116
 17, 331
 17, 334
 17, 485
 17, 489
 18, 28
 18, 37
 18, 43
 18, 46
 18, 47
 18, 49
 18,  102
 18, 124
 18, 141
 18, 162
 18, 274
 18, 538
 18, 645
 19,   29
 19, 38
 19, 44
 19, 47
 19, 48
 19, 103
 19, 142
 19, 149
  19, 167
 19, 275
 19, 286
 19, 342
 19, 496
 20, 30
 20, 39
 20  , 45
 20, 48
 20, 49
 20, 104
 20, 143
 20, 152
 20, 162
 20,   276
 20, 290
 20, 336
 20, 490
 21, 50
 21, 51
 21, 52
 21, 59
  21, 69
 21, 173
 21, 178
 21, 201
 21, 216
 21, 371
 21, 409
   21, 425
 22, 50
 22, 53
 22, 54
 22, 55
 22, 56
 22, 170
 22,   187
 22, 192
 22, 197
 22, 404
 22, 417
 22, 601
 23, 51
 23, 54  
 23, 56
 23, 57
 23, 58
 23, 60
 23, 65
 23, 211
 23, 220
 23  , 389
 23, 408
 23, 604
 24, 52
 24, 55
 24, 57
 24, 58
 24, 61
 24, 186
 24, 188
 24, 202
 24, 205
 24, 212
 24, 422
 24, 426
  25, 53
 25, 59
 25, 60
 25, 61
 25, 65
 25, 69
 25, 182
 25,   199
 25, 209
 25, 385
 25, 431
 25, 610
 26, 54
 26, 60
 26, 62
 26, 63
 26, 64
 26, 70
 26, 85
 26, 197
 26, 208
 26, 246
 26  , 576
 26, 613
 27, 55
 27, 61
 27, 63
 27, 64
 27, 66
 27, 68
  27, 71
 27, 86
 27, 383
 27, 386
 27, 436
 27, 440
 28, 56
 28,  62
 28, 65
 28, 66
 28, 68
 28, 72
 28, 94
 28, 182
 28, 203
   28, 225
 28, 579
 28, 615
 29, 57
 29, 63
 29, 66
 29, 67
 29,   73
 29, 183
 29, 190
 29, 208
 29, 226
 29, 237
 29, 394
 29,   447
 30, 58
 30, 64
 30, 67
 30, 68
 30, 74
 30, 184
 30, 193
  30, 203
 30, 227
 30, 241
 30, 388
 30, 441
 31, 50
 31, 69
 31  , 70
 31, 71
 31, 72
 31, 75
 31, 218
 31, 223
 31, 246
 31, 364  
 31, 456
 31, 560
 32, 51
 32, 70
 32, 72
 32, 73
 32, 74
 32  , 85
 32, 94
 32, 171
 32, 176
 32, 424
 32, 459
 32, 564
 33,   52
 33, 71
 33, 73
 33, 74
 33, 86
 33, 172
 33, 217
 33, 219
  33, 251
 33, 255
 33, 369
 33, 372
 34, 53
 34, 69
 34, 75
 34,  76
 34, 77
 34, 81
 34, 87
 34, 230
 34, 240
 34, 249
 34, 552
  34, 675
 35, 54
 35, 70
 35, 76
 35, 78
 35, 79
 35, 80
 35,   211
 35, 228
 35, 239
 35, 417
 35, 455
 35, 678
 36, 55
 36, 71  
 36, 77
 36, 79
 36, 80
 36, 82
 36, 84
 36, 212
 36, 247
 36  , 250
 36, 557
 36, 561
 37, 56
 37, 72
 37, 78
 37, 81
 37, 82
 37, 84
 37, 87
 37, 220
 37, 234
 37, 361
 37, 458
 37, 680
   38, 57
 38, 73
 38, 79
 38, 82
 38, 83
 38, 88
 38, 95
 38, 239
 38, 258
 38, 362
 38, 373
 38, 568
 39, 58
 39, 74
 39, 80
   39, 83
 39, 84
 39, 89
 39, 98
 39, 234
 39, 252
 39, 363
 39,   377
 39, 562
 40, 59
 40, 75
 40, 85
 40, 86
 40, 94
 40, 170
  40, 225
 40, 244
 40, 259
 40, 378
 40, 434
 40, 572
 41, 60
   41, 76
 41, 85
 41, 87
 41, 88
 41, 89
 41, 90
 41, 171
 41, 258  
 41, 396
 41, 438
 41, 684
 42, 61
 42, 77
 42, 86
 42, 88
   42, 89
 42, 95
 42, 98
 42, 172
 42, 229
 42, 231
 42, 569
 42,  573
 43, 62
 43, 78
 43, 87
 43, 90
 43, 91
 43, 93
 43, 96
   43, 173
 43, 194
 43, 201
 43, 612
 43, 686
 44, 63
 44, 79
 44,  88
 44, 91
 44, 92
 44, 174
 44, 195
 44, 247
 44, 253
 44, 401
 44, 455
 44, 589
 45, 64
 45, 80
 45, 89
 45, 92
 45, 93
 45,  96
 45, 175
 45, 196
 45, 250
 45, 405
 45, 437
 45, 574
 46, 65  
 46, 81
 46, 90
 46, 94
 46, 95
 46, 98
 46, 176
 46, 228
 46  , 252
 46, 378
 46, 442
 46, 687
 47, 66
 47, 82
 47, 91
 47, 95  
 47, 96
 47, 97
 47, 177
 47, 206
 47, 229
 47, 379
 47, 446
  47, 582
 48, 67
 48, 83
 48, 92
 48, 96
 48, 97
 48, 178
 48,   230
 48, 238
 48, 240
 48, 380
 48, 392
 48, 395
 49, 68
 49, 84  
 49, 93
 49, 97
 49, 98
 49, 179
 49, 210
 49, 231
 49, 253
   49, 381
 49, 442
 49, 578
 50, 99
 50, 100
 50, 101
 50, 102
 50  , 105
 50, 267
 50, 272
 50, 295
 50, 312
 50, 505
 50, 519
 51,  100
 51, 102
 51, 103
 51, 104
 51, 115
 51, 124
 51, 130
 51,   135
 51, 473
 51, 508
 51, 523
 52, 101
 52, 103
 52, 104
 52,   116
 52, 131
 52, 266
 52, 268
 52, 300
 52, 304
 52, 317
 52,   320
 53, 99
 53, 105
 53, 106
 53, 107
 53, 111
 53, 117
 53,   279
 53, 289
 53, 298
 53, 511
 53, 656
 54, 100
 54, 106
 54,   108
 54, 109
 54, 110
 54, 260
 54, 277
 54, 288
 54, 466
 54,   504
 54, 659
 55, 101
 55, 107
 55, 109
 55, 110
 55, 112
 55,   114
 55, 261
 55, 296
 55, 299
 55, 516
 55, 520
 56, 102
 56,   108
 56, 111
 56, 112
 56, 114
 56, 117
 56, 269
 56, 283
 56,   309
 56, 507
 56, 661
 57, 103
 57, 109
 57, 112
 57, 113
 57,   118
 57, 125
 57, 288
 57, 307
 57, 310
 57, 321
 57, 527
 58,   104
 58, 110
 58, 113
 58, 114
 58, 119
 58, 128
 58, 283
 58,   301
 58, 311
 58, 325
 58, 521
 59, 105
 59, 115
 59, 116
 59,   124
 59, 129
 59, 274
 59, 293
 59, 308
 59, 326
 59, 483
 59,   531
 60, 106
 60, 115
 60, 117
 60, 118
 60, 119
 60, 120
 60,   130
 60, 307
 60, 344
 60, 487
 60, 665
 61, 107
 61, 116
 61,   118
 61, 119
 61, 125
 61, 128
 61, 131
 61, 278
 61, 280
 61,   528
 61, 532
 62, 108
 62, 117
 62, 120
 62, 121
 62, 123
 62,   126
 62, 132
 62, 153
 62, 160
 62, 642
 62, 667
 63, 109
 63,   118
 63, 121
 63, 122
 63, 133
 63, 154
 63, 296
 63, 302
 63,   349
 63, 504
 63, 548
 64, 110
 64, 119
 64, 122
 64, 123
 64,   126
 64, 134
 64, 155
 64, 299
 64, 353
 64, 486
 64, 533
 65,   111
 65, 120
 65, 124
 65, 125
 65, 128
 65, 135
 65, 277
 65,   301
 65, 326
 65, 491
 65, 668
 66, 112
 66, 121
 66, 125
 66,   126
 66, 127
 66, 136
 66, 165
 66, 278
 66, 327
 66, 495
 66,   541
 67, 113
 67, 122
 67, 126
 67, 127
 67, 137
 67, 279
 67,   287
 67, 289
 67, 328
 67, 340
 67, 343
 68, 114
 68, 123
 68,   127
 68, 128
 68, 138
 68, 169
 68, 280
 68, 302
 68, 329
 68,   491
 68, 537
 69, 99
 69, 129
 69, 130
 69, 131
 69, 135
 69,   262
 69, 314
 69, 324
 69, 344
 69, 469
 69, 545
 70, 100
 70,   130
 70, 132
 70, 133
 70, 134
 70, 139
 70, 312
 70, 323
 70,   330
 70, 548
 70, 630
 71, 101
 71, 131
 71, 133
 71, 134
 71,   136
 71, 138
 71, 140
 71, 349
 71, 353
 71, 467
 71, 470
 72,   102
 72, 132
 72, 135
 72, 136
 72, 138
 72, 148
 72, 153
 72,   262
 72, 318
 72, 550
 72, 633
 73, 103
 73, 133
 73, 136
 73,   137
 73, 154
 73, 165
 73, 263
 73, 270
 73, 323
 73, 360
 73,   478
 74, 104
 74, 134
 74, 137
 74, 138
 74, 155
 74, 169
 74,   264
 74, 273
 74, 318
 74, 354
 74, 472
 75, 105
 75, 129
 75,   139
 75, 140
 75, 148
 75, 153
 75, 328
 75, 343
 75, 347
 75,   462
 75, 626
 76, 106
 76, 130
 76, 139
 76, 141
 76, 142
 76,   143
 76, 144
 76, 342
 76, 351
 76, 511
 76, 703
 77, 107
 77,   131
 77, 140
 77, 142
 77, 143
 77, 149
 77, 152
 77, 157
 77,   159
 77, 623
 77, 627
 78, 108
 78, 132
 78, 141
 78, 144
 78,   145
 78, 147
 78, 150
 78, 309
 78, 316
 78, 547
 78, 705
 79,   109
 79, 133
 79, 142
 79, 145
 79, 146
 79, 310
 79, 331
 79,   337
 79, 516
 79, 535
 79, 659
 80, 110
 80, 134
 80, 143
 80,   146
 80, 147
 80, 150
 80, 311
 80, 334
 80, 350
 80, 520
 80,   628
 81, 111
 81, 135
 81, 144
 81, 148
 81, 149
 81, 152
 81,   156
 81, 336
 81, 355
 81, 462
 81, 706
 82, 112
 82, 136
 82,   145
 82, 149
 82, 150
 82, 151
 82, 157
 82, 321
 82, 359
 82,   463
 82, 636
 83, 113
 83, 137
 83, 146
 83, 150
 83, 151
 83,   158
 83, 166
 83, 168
 83, 464
 83, 476
 83, 479
 84, 114
 84,   138
 84, 147
 84, 151
 84, 152
 84, 159
 84, 325
 84, 337
 84,   355
 84, 465
 84, 632
 85, 115
 85, 139
 85, 153
 85, 154
 85,   155
 85, 160
 85, 260
 85, 291
 85, 360
 85, 530
 85, 639
 86,   116
 86, 140
 86, 154
 86, 155
 86, 165
 86, 169
 86, 261
 86,   327
 86, 329
 86, 481
 86, 484
 87, 117
 87, 141
 87, 153
 87,   156
 87, 157
 87, 159
 87, 262
 87, 332
 87, 344
 87, 359
 87,   708
 88, 118
 88, 142
 88, 154
 88, 157
 88, 158
 88, 161
 88,   263
 88, 351
 88, 356
 88, 497
 88, 649
 89, 119
 89, 143
 89,   155
 89, 158
 89, 159
 89, 164
 89, 166
 89, 264
 89, 332
 89,   501
 89, 637
 90, 120
 90, 144
 90, 156
 90, 160
 90, 161
 90,   164
 90, 166
 90, 265
 90, 291
 90, 534
 90, 709
 91, 121
 91,   145
 91, 157
 91, 161
 91, 162
 91, 163
 91, 266
 91, 292
 91,   300
 91, 547
 91, 651
 92, 122
 92, 146
 92, 158
 92, 162
 92,   163
 92, 267
 92, 293
 92, 350
 92, 352
 92, 502
 92, 505
 93,   123
 93, 147
 93, 159
 93, 163
 93, 164
 93, 167
 93, 268
 93,   294
 93, 304
 93, 534
 93, 641
 94, 124
 94, 148
 94, 160
 94,   165
 94, 169
 94, 269
 94, 330
 94, 354
 94, 480
 94, 537
 94,   644
 95, 125
 95, 149
 95, 161
 95, 165
 95, 166
 95, 168
 95,   270
 95, 331
 95, 341
 95, 481
 95, 646
 96, 126
 96, 150
 96,   162
 96, 166
 96, 167
 96, 271
 96, 305
 96, 332
 96, 359
 96,   482
 96, 510
 97, 127
 97, 151
 97, 163
 97, 167
 97, 168
 97,   272
 97, 308
 97, 333
 97, 341
 97, 483
 97, 494
 98, 128
 98,   152
 98, 164
 98, 168
 98, 169
 98, 273
 98, 334
 98, 356
 98,   484
 98, 538
 98, 644
 99, 170
 99, 171
 99, 172
 99, 176
 99,   213
 99, 366
 99, 376
 99, 396
 99, 420
 99, 586
 100, 171
 100,  173
 100, 174
 100, 175
 100, 180
 100, 364
 100, 375
 100, 382
  100, 589
 100, 600
 101, 172
 101, 174
 101, 175
 101, 177
 101,  179
 101, 181
 101, 401
 101, 405
 101, 418
 101, 421
 102, 173
  102, 176
 102, 177
 102, 179
 102, 189
 102, 194
 102, 213
 102,  370
 102, 591
 102, 603
 103, 174
 103, 177
 103, 178
 103, 195
  103, 206
 103, 214
 103, 221
 103, 375
 103, 412
 103, 429
 104,  175
 104, 178
 104, 179
 104, 196
 104, 210
 104, 215
 104, 224
  104, 370
 104, 406
 104, 423
 105, 170
 105, 180
 105, 181
 105,  189
 105, 194
 105, 380
 105, 395
 105, 399
 105, 413
 105, 596
  106, 171
 106, 180
 106, 182
 106, 183
 106, 184
 106, 185
 106,  394
 106, 403
 106, 552
 106, 693
 107, 172
 107, 181
 107, 183
  107, 184
 107, 190
 107, 193
 107, 198
 107, 200
 107, 593
 107,  597
 108, 173
 108, 182
 108, 185
 108, 186
 108, 188
 108, 191
  108, 361
 108, 368
 108, 588
 108, 695
 109, 174
 109, 183
 109,  186
 109, 187
 109, 362
 109, 383
 109, 389
 109, 557
 109, 576
  109, 678
 110, 175
 110, 184
 110, 187
 110, 188
 110, 191
 110,  363
 110, 386
 110, 402
 110, 561
 110, 598
 111, 176
 111, 185
  111, 189
 111, 190
 111, 193
 111, 197
 111, 388
 111, 407
 111,  413
 111, 696
 112, 177
 112, 186
 112, 190
 112, 191
 112, 192
  112, 198
 112, 373
 112, 411
 112, 414
 112, 606
 113, 178
 113,  187
 113, 191
 113, 192
 113, 199
 113, 207
 113, 209
 113, 415
  113, 427
 113, 430
 114, 179
 114, 188
 114, 192
 114, 193
 114,  200
 114, 377
 114, 389
 114, 407
 114, 416
 114, 602
 115, 180
  115, 194
 115, 195
 115, 196
 115, 201
 115, 211
 115, 242
 115,  412
 115, 571
 115, 609
 116, 181
 116, 195
 116, 196
 116, 206
  116, 210
 116, 212
 116, 379
 116, 381
 116, 432
 116, 435
 117,  182
 117, 194
 117, 197
 117, 198
 117, 200
 117, 213
 117, 384
  117, 396
 117, 411
 117, 698
 118, 183
 118, 195
 118, 198
 118,  199
 118, 202
 118, 214
 118, 403
 118, 408
 118, 448
 118, 619
  119, 184
 119, 196
 119, 199
 119, 200
 119, 205
 119, 207
 119,  215
 119, 384
 119, 452
 119, 607
 120, 185
 120, 197
 120, 201
  120, 202
 120, 205
 120, 207
 120, 216
 120, 242
 120, 575
 120,  699
 121, 186
 121, 198
 121, 202
 121, 203
 121, 204
 121, 217
  121, 243
 121, 251
 121, 588
 121, 621
 122, 187
 122, 199
 122,  203
 122, 204
 122, 218
 122, 244
 122, 402
 122, 404
 122, 453
  122, 456
 123, 188
 123, 200
 123, 204
 123, 205
 123, 208
 123,  219
 123, 245
 123, 255
 123, 575
 123, 611
 124, 189
 124, 201
  124, 206
 124, 210
 124, 220
 124, 382
 124, 406
 124, 431
 124,  578
 124, 614
 125, 190
 125, 202
 125, 206
 125, 207
 125, 209
  125, 221
 125, 383
 125, 393
 125, 432
 125, 616
 126, 191
 126,  203
 126, 207
 126, 208
 126, 222
 126, 256
 126, 384
 126, 411
  126, 433
 126, 461
 127, 192
 127, 204
 127, 208
 127, 209
 127,  223
 127, 259
 127, 385
 127, 393
 127, 434
 127, 445
 128, 193
  128, 205
 128, 209
 128, 210
 128, 224
 128, 386
 128, 408
 128,  435
 128, 579
 128, 614
 129, 170
 129, 211
 129, 212
 129, 220
  129, 242
 129, 361
 129, 415
 129, 430
 129, 451
 129, 555
 130,  171
 130, 211
 130, 213
 130, 214
 130, 215
 130, 216
 130, 429
  130, 431
 130, 559
 130, 619
 131, 172
 131, 212
 131, 214
 131,  215
 131, 221
 131, 224
 131, 365
 131, 367
 131, 448
 131, 452
  132, 173
 132, 213
 132, 216
 132, 217
 132, 219
 132, 222
 132,  225
 132, 232
 132, 621
 132, 677
 133, 174
 133, 214
 133, 217
  133, 218
 133, 226
 133, 418
 133, 424
 133, 436
 133, 600
 133,  613
 134, 175
 134, 215
 134, 218
 134, 219
 134, 222
 134, 227
  134, 421
 134, 440
 134, 453
 134, 558
 135, 176
 135, 216
 135,  220
 135, 221
 135, 224
 135, 242
 135, 364
 135, 423
 135, 563
  135, 622
 136, 177
 136, 217
 136, 221
 136, 222
 136, 223
 136,  237
 136, 243
 136, 365
 136, 461
 136, 567
 137, 178
 137, 218
  137, 222
 137, 223
 137, 244
 137, 256
 137, 259
 137, 366
 137,  374
 137, 376
 138, 179
 138, 219
 138, 223
 138, 224
 138, 241
  138, 245
 138, 367
 138, 424
 138, 457
 138, 563
 139, 180
 139,  211
 139, 225
 139, 226
 139, 227
 139, 232
 139, 413
 139, 447
  139, 450
 139, 674
 140, 181
 140, 212
 140, 226
 140, 227
 140,  237
 140, 241
 140, 243
 140, 245
 140, 553
 140, 556
 141, 182
  141, 213
 141, 225
 141, 228
 141, 229
 141, 231
 141, 248
 141,  431
 141, 446
 141, 716
 142, 183
 142, 214
 142, 226
 142, 229
  142, 230
 142, 233
 142, 438
 142, 443
 142, 593
 142, 693
 143,  184
 143, 215
 143, 227
 143, 230
 143, 231
 143, 236
 143, 238
  143, 248
 143, 597
 143, 672
 144, 185
 144, 216
 144, 228
 144,  232
 144, 233
 144, 236
 144, 238
 144, 413
 144, 454
 144, 717
  145, 186
 145, 217
 145, 229
 145, 233
 145, 234
 145, 235
 145,  414
 145, 422
 145, 612
 145, 695
 146, 187
 146, 218
 146, 230
  146, 234
 146, 235
 146, 415
 146, 437
 146, 439
 146, 598
 146,  601
 147, 188
 147, 219
 147, 231
 147, 235
 147, 236
 147, 239
  147, 416
 147, 426
 147, 454
 147, 676
 148, 189
 148, 220
 148,  232
 148, 237
 148, 241
 148, 246
 148, 441
 148, 457
 148, 552
  148, 679
 149, 190
 149, 221
 149, 233
 149, 237
 149, 238
 149,  240
 149, 247
 149, 257
 149, 553
 149, 681
 150, 191
 150, 222
  150, 234
 150, 238
 150, 239
 150, 248
 150, 427
 150, 446
 150,  554
 150, 606
 151, 192
 151, 223
 151, 235
 151, 239
 151, 240
  151, 249
 151, 257
 151, 430
 151, 555
 151, 566
 152, 193
 152,  224
 152, 236
 152, 240
 152, 241
 152, 250
 152, 443
 152, 458
  152, 556
 152, 679
 153, 194
 153, 225
 153, 242
 153, 243
 153,  245
 153, 246
 153, 361
 153, 433
 153, 461
 153, 683
 154, 195
  154, 226
 154, 243
 154, 244
 154, 251
 154, 362
 154, 397
 154,  450
 154, 459
 154, 585
 155, 196
 155, 227
 155, 244
 155, 245
  155, 255
 155, 256
 155, 363
 155, 400
 155, 433
 155, 570
 156,  197
 156, 228
 156, 242
 156, 246
 156, 247
 156, 250
 156, 257
  156, 364
 156, 437
 156, 718
 157, 198
 157, 229
 157, 243
 157,  247
 157, 248
 157, 249
 157, 365
 157, 448
 157, 458
 157, 689
  158, 199
 158, 230
 158, 244
 158, 248
 158, 249
 158, 252
 158,  254
 158, 366
 158, 583
 158, 586
 159, 200
 159, 231
 159, 245
  159, 249
 159, 250
 159, 257
 159, 367
 159, 438
 159, 452
 159,  682
 160, 201
 160, 232
 160, 246
 160, 251
 160, 255
 160, 256
  160, 368
 160, 396
 160, 611
 160, 685
 161, 202
 161, 233
 161,  247
 161, 251
 161, 252
 161, 254
 161, 369
 161, 397
 161, 454
  161, 690
 162, 203
 162, 234
 162, 248
 162, 252
 162, 253
 162,  370
 162, 398
 162, 406
 162, 458
 162, 591
 163, 204
 163, 235
  163, 249
 163, 253
 163, 254
 163, 371
 163, 399
 163, 409
 163,  454
 163, 587
 164, 205
 164, 236
 164, 250
 164, 254
 164, 255
  164, 258
 164, 372
 164, 400
 164, 612
 164, 685
 165, 206
 165,  237
 165, 251
 165, 256
 165, 259
 165, 373
 165, 436
 165, 445
  165, 569
 165, 581
 166, 207
 166, 238
 166, 252
 166, 256
 166,  257
 166, 258
 166, 374
 166, 437
 166, 570
 166, 592
 167, 208
  167, 239
 167, 253
 167, 257
 167, 258
 167, 375
 167, 410
 167,  412
 167, 438
 167, 571
 168, 209
 168, 240
 168, 254
 168, 258
  168, 259
 168, 376
 168, 439
 168, 446
 168, 572
 168, 581
 169,  210
 169, 241
 169, 255
 169, 259
 169, 377
 169, 440
 169, 459
  169, 573
 169, 615
 169, 687
 170, 260
 170, 261
 170, 269
 170,  291
 170, 309
 170, 464
 170, 479
 170, 500
 170, 514
 171, 260
  171, 262
 171, 263
 171, 264
 171, 265
 171, 478
 171, 480
 171,  518
 171, 649
 172, 261
 172, 263
 172, 264
 172, 270
 172, 273
  172, 313
 172, 315
 172, 497
 172, 501
 173, 262
 173, 265
 173,  266
 173, 268
 173, 271
 173, 274
 173, 281
 173, 651
 173, 658
  174, 263
 174, 266
 174, 267
 174, 275
 174, 467
 174, 473
 174,  485
 174, 630
 174, 643
 175, 264
 175, 267
 175, 268
 175, 271
  175, 276
 175, 470
 175, 489
 175, 502
 175, 517
 176, 265
 176,  269
 176, 270
 176, 273
 176, 291
 176, 312
 176, 472
 176, 522
  176, 652
 177, 266
 177, 270
 177, 271
 177, 272
 177, 286
 177,  292
 177, 313
 177, 510
 177, 526
 178, 267
 178, 271
 178, 272
  178, 293
 178, 305
 178, 308
 178, 314
 178, 322
 178, 324
 179,  268
 179, 272
 179, 273
 179, 290
 179, 294
 179, 315
 179, 473
  179, 506
 179, 522
 180, 260
 180, 274
 180, 275
 180, 276
 180,  281
 180, 462
 180, 496
 180, 499
 180, 655
 181, 261
 181, 275
  181, 276
 181, 286
 181, 290
 181, 292
 181, 294
 181, 512
 181,  515
 182, 262
 182, 274
 182, 277
 182, 278
 182, 280
 182, 297
  182, 480
 182, 495
 182, 712
 183, 263
 183, 275
 183, 278
 183,  279
 183, 282
 183, 487
 183, 492
 183, 623
 183, 703
 184, 264
  184, 276
 184, 279
 184, 280
 184, 285
 184, 287
 184, 297
 184,  627
 184, 653
 185, 265
 185, 277
 185, 281
 185, 282
 185, 285
  185, 287
 185, 462
 185, 503
 185, 713
 186, 266
 186, 278
 186,  282
 186, 283
 186, 284
 186, 463
 186, 471
 186, 642
 186, 705
  187, 267
 187, 279
 187, 283
 187, 284
 187, 464
 187, 486
 187,  488
 187, 628
 187, 631
 188, 268
 188, 280
 188, 284
 188, 285
  188, 288
 188, 465
 188, 475
 188, 503
 188, 657
 189, 269
 189,  281
 189, 286
 189, 290
 189, 295
 189, 490
 189, 506
 189, 511
  189, 660
 190, 270
 190, 282
 190, 286
 190, 287
 190, 289
 190,  296
 190, 306
 190, 512
 190, 662
 191, 271
 191, 283
 191, 287
  191, 288
 191, 297
 191, 476
 191, 495
 191, 513
 191, 636
 192,  272
 192, 284
 192, 288
 192, 289
 192, 298
 192, 306
 192, 479
  192, 514
 192, 525
 193, 273
 193, 285
 193, 289
 193, 290
 193,  299
 193, 492
 193, 507
 193, 515
 193, 660
 194, 274
 194, 291
  194, 292
 194, 294
 194, 295
 194, 309
 194, 482
 194, 510
 194,  664
 195, 275
 195, 292
 195, 293
 195, 300
 195, 310
 195, 345
  195, 499
 195, 508
 195, 544
 196, 276
 196, 293
 196, 294
 196,  304
 196, 305
 196, 311
 196, 348
 196, 482
 196, 529
 197, 277
  197, 291
 197, 295
 197, 296
 197, 299
 197, 306
 197, 312
 197,  486
 197, 714
 198, 278
 198, 292
 198, 296
 198, 297
 198, 298
  198, 313
 198, 497
 198, 507
 198, 670
 199, 279
 199, 293
 199,  297
 199, 298
 199, 301
 199, 303
 199, 314
 199, 542
 199, 545
  200, 280
 200, 294
 200, 298
 200, 299
 200, 306
 200, 315
 200,  487
 200, 501
 200, 663
 201, 281
 201, 295
 201, 300
 201, 304
  201, 305
 201, 316
 201, 344
 201, 641
 201, 666
 202, 282
 202,  296
 202, 300
 202, 301
 202, 303
 202, 317
 202, 345
 202, 503
  202, 671
 203, 283
 203, 297
 203, 301
 203, 302
 203, 318
 203,  346
 203, 354
 203, 507
 203, 550
 204, 284
 204, 298
 204, 302
  204, 303
 204, 319
 204, 347
 204, 357
 204, 503
 204, 546
 205,  285
 205, 299
 205, 303
 205, 304
 205, 307
 205, 320
 205, 348
  205, 642
 205, 666
 206, 286
 206, 300
 206, 305
 206, 308
 206,  321
 206, 485
 206, 494
 206, 528
 206, 540
 207, 287
 207, 301
  207, 305
 207, 306
 207, 307
 207, 322
 207, 486
 207, 529
 207,  551
 208, 288
 208, 302
 208, 306
 208, 307
 208, 323
 208, 358
  208, 360
 208, 487
 208, 530
 209, 289
 209, 303
 209, 307
 209,  308
 209, 324
 209, 488
 209, 495
 209, 531
 209, 540
 210, 290
  210, 304
 210, 308
 210, 325
 210, 489
 210, 508
 210, 532
 210,  645
 210, 668
 211, 260
 211, 309
 211, 310
 211, 311
 211, 316
  211, 326
 211, 527
 211, 544
 211, 625
 212, 261
 212, 310
 212,  311
 212, 321
 212, 325
 212, 345
 212, 348
 212, 463
 212, 465
  213, 262
 213, 309
 213, 312
 213, 313
 213, 315
 213, 468
 213,  511
 213, 526
 213, 670
 214, 263
 214, 310
 214, 313
 214, 314
  214, 317
 214, 518
 214, 523
 214, 528
 214, 665
 215, 264
 215,  311
 215, 314
 215, 315
 215, 320
 215, 322
 215, 468
 215, 532
  215, 542
 216, 265
 216, 312
 216, 316
 216, 317
 216, 320
 216,  322
 216, 326
 216, 629
 216, 671
 217, 266
 217, 313
 217, 317
  217, 318
 217, 319
 217, 327
 217, 335
 217, 658
 217, 667
 218,  267
 218, 314
 218, 318
 218, 319
 218, 328
 218, 517
 218, 519
  218, 533
 218, 536
 219, 268
 219, 315
 219, 319
 219, 320
 219,  323
 219, 329
 219, 339
 219, 546
 219, 629
 220, 269
 220, 316
  220, 321
 220, 325
 220, 344
 220, 466
 220, 521
 220, 549
 220,  632
 221, 270
 221, 317
 221, 321
 221, 322
 221, 324
 221, 345
  221, 467
 221, 477
 221, 551
 222, 271
 222, 318
 222, 322
 222,  323
 222, 340
 222, 346
 222, 468
 222, 526
 222, 541
 223, 272
  223, 319
 223, 323
 223, 324
 223, 343
 223, 347
 223, 358
 223,  469
 223, 477
 224, 273
 224, 320
 224, 324
 224, 325
 224, 348
  224, 470
 224, 523
 224, 549
 224, 633
 225, 274
 225, 309
 225,  326
 225, 327
 225, 329
 225, 330
 225, 346
 225, 541
 225, 702
  226, 275
 226, 310
 226, 327
 226, 328
 226, 335
 226, 512
 226,  530
 226, 539
 226, 655
 227, 276
 227, 311
 227, 328
 227, 329
  227, 339
 227, 340
 227, 346
 227, 515
 227, 624
 228, 277
 228,  312
 228, 326
 228, 330
 228, 331
 228, 334
 228, 341
 228, 350
  229, 278
 229, 313
 229, 327
 229, 331
 229, 332
 229, 333
 229,  528
 229, 538
 229, 712
 230, 279
 230, 314
 230, 328
 230, 332
  230, 333
 230, 336
 230, 338
 230, 653
 230, 656
 231, 280
 231,  315
 231, 329
 231, 333
 231, 334
 231, 341
 231, 351
 231, 532
  231, 701
 232, 281
 232, 316
 232, 330
 232, 335
 232, 339
 232,  340
 232, 511
 232, 546
 232, 704
 233, 282
 233, 317
 233, 331
  233, 335
 233, 336
 233, 338
 233, 512
 233, 534
 233, 713
 234,  283
 234, 318
 234, 332
 234, 336
 234, 337
 234, 513
 234, 521
  234, 538
 234, 661
 235, 284
 235, 319
 235, 333
 235, 337
 235,  338
 235, 514
 235, 524
 235, 534
 235, 657
 236, 285
 236, 320
  236, 334
 236, 338
 236, 339
 236, 342
 236, 515
 236, 547
 236,  704
 237, 286
 237, 321
 237, 335
 237, 340
 237, 343
 237, 349
  237, 358
 237, 623
 237, 635
 238, 287
 238, 322
 238, 336
 238,  340
 238, 341
 238, 342
 238, 350
 238, 624
 238, 662
 239, 288
  239, 323
 239, 337
 239, 341
 239, 342
 239, 351
 239, 525
 239,  527
 239, 625
 240, 289
 240, 324
 240, 338
 240, 342
 240, 343
  240, 352
 240, 359
 240, 626
 240, 635
 241, 290
 241, 325
 241,  339
 241, 343
 241, 353
 241, 539
 241, 550
 241, 627
 241, 706
  242, 291
 242, 326
 242, 344
 242, 345
 242, 348
 242, 462
 242,  529
 242, 551
 242, 638
 243, 292
 243, 327
 243, 345
 243, 346
  243, 347
 243, 349
 243, 463
 243, 550
 243, 648
 244, 293
 244,  328
 244, 346
 244, 347
 244, 354
 244, 357
 244, 464
 244, 498
  244, 500
 245, 294
 245, 329
 245, 347
 245, 348
 245, 353
 245,  358
 245, 465
 245, 530
 245, 638
 246, 295
 246, 330
 246, 344
  246, 349
 246, 353
 246, 358
 246, 466
 246, 533
 246, 707
 247,  296
 247, 331
 247, 345
 247, 349
 247, 350
 247, 352
 247, 355
  247, 467
 247, 710
 248, 297
 248, 332
 248, 346
 248, 350
 248,  351
 248, 468
 248, 542
 248, 547
 248, 670
 249, 298
 249, 333
  249, 347
 249, 351
 249, 352
 249, 355
 249, 469
 249, 545
 249,  647
 250, 299
 250, 334
 250, 348
 250, 352
 250, 353
 250, 359
  250, 470
 250, 535
 250, 707
 251, 300
 251, 335
 251, 349
 251,  354
 251, 357
 251, 471
 251, 497
 251, 546
 251, 650
 252, 301
  252, 336
 252, 350
 252, 354
 252, 355
 252, 356
 252, 472
 252,  498
 252, 652
 253, 302
 253, 337
 253, 351
 253, 355
 253, 356
  253, 473
 253, 499
 253, 506
 253, 508
 254, 303
 254, 338
 254,  352
 254, 356
 254, 357
 254, 474
 254, 500
 254, 547
 254, 650
  255, 304
 255, 339
 255, 353
 255, 357
 255, 360
 255, 475
 255,  501
 255, 667
 255, 709
 256, 305
 256, 340
 256, 354
 256, 358
  256, 360
 256, 476
 256, 509
 256, 533
 256, 637
 257, 306
 257,  341
 257, 355
 257, 358
 257, 359
 257, 477
 257, 534
 257, 551
  257, 638
 258, 307
 258, 342
 258, 356
 258, 359
 258, 360
 258,  478
 258, 509
 258, 535
 258, 639
 259, 308
 259, 343
 259, 357
  259, 360
 259, 479
 259, 536
 259, 541
 259, 640
 259, 646
 260,  361
 260, 362
 260, 363
 260, 368
 260, 378
 260, 568
 260, 585
  260, 595
 261, 362
 261, 363
 261, 373
 261, 377
 261, 397
 261,  400
 261, 414
 261, 416
 262, 361
 262, 364
 262, 365
 262, 367
  262, 419
 262, 552
 262, 567
 262, 689
 263, 362
 263, 365
 263,  366
 263, 369
 263, 559
 263, 564
 263, 569
 263, 684
 264, 363
  264, 366
 264, 367
 264, 372
 264, 374
 264, 419
 264, 573
 264,  583
 265, 364
 265, 368
 265, 369
 265, 372
 265, 374
 265, 378
  265, 599
 265, 690
 266, 365
 266, 369
 266, 370
 266, 371
 266,  379
 266, 387
 266, 677
 266, 686
 267, 366
 267, 370
 267, 371
  267, 380
 267, 558
 267, 560
 267, 574
 267, 577
 268, 367
 268,  371
 268, 372
 268, 375
 268, 381
 268, 391
 268, 587
 268, 599
  269, 368
 269, 373
 269, 377
 269, 396
 269, 417
 269, 562
 269,  590
 269, 602
 270, 369
 270, 373
 270, 374
 270, 376
 270, 397
  270, 418
 270, 428
 270, 592
 271, 370
 271, 374
 271, 375
 271,  392
 271, 398
 271, 419
 271, 567
 271, 582
 272, 371
 272, 375
  272, 376
 272, 395
 272, 399
 272, 410
 272, 420
 272, 428
 273,  372
 273, 376
 273, 377
 273, 400
 273, 421
 273, 564
 273, 590
  273, 603
 274, 361
 274, 378
 274, 379
 274, 381
 274, 382
 274,  398
 274, 582
 274, 692
 275, 362
 275, 379
 275, 380
 275, 387
  275, 553
 275, 571
 275, 580
 275, 674
 276, 363
 276, 380
 276,  381
 276, 391
 276, 392
 276, 398
 276, 556
 276, 594
 277, 364
  277, 378
 277, 382
 277, 383
 277, 386
 277, 393
 277, 402
 277,  719
 278, 365
 278, 379
 278, 383
 278, 384
 278, 385
 278, 569
  278, 579
 278, 716
 279, 366
 279, 380
 279, 384
 279, 385
 279,  388
 279, 390
 279, 672
 279, 675
 280, 367
 280, 381
 280, 385
  280, 386
 280, 393
 280, 403
 280, 573
 280, 691
 281, 368
 281,  382
 281, 387
 281, 391
 281, 392
 281, 552
 281, 587
 281, 694
  282, 369
 282, 383
 282, 387
 282, 388
 282, 390
 282, 553
 282,  575
 282, 717
 283, 370
 283, 384
 283, 388
 283, 389
 283, 554
  283, 562
 283, 579
 283, 680
 284, 371
 284, 385
 284, 389
 284,  390
 284, 555
 284, 565
 284, 575
 284, 676
 285, 372
 285, 386
  285, 390
 285, 391
 285, 394
 285, 556
 285, 588
 285, 694
 286,  373
 286, 387
 286, 392
 286, 395
 286, 401
 286, 410
 286, 593
  286, 605
 287, 374
 287, 388
 287, 392
 287, 393
 287, 394
 287,  402
 287, 594
 287, 681
 288, 375
 288, 389
 288, 393
 288, 394
  288, 403
 288, 566
 288, 568
 288, 595
 289, 376
 289, 390
 289,  394
 289, 395
 289, 404
 289, 411
 289, 596
 289, 605
 290, 377
  290, 391
 290, 395
 290, 405
 290, 580
 290, 591
 290, 597
 290,  696
 291, 378
 291, 396
 291, 397
 291, 400
 291, 413
 291, 570
  291, 592
 291, 608
 292, 379
 292, 397
 292, 398
 292, 399
 292,  401
 292, 414
 292, 591
 292, 618
 293, 380
 293, 398
 293, 399
  293, 406
 293, 409
 293, 415
 293, 449
 293, 451
 294, 381
 294,  399
 294, 400
 294, 405
 294, 410
 294, 416
 294, 571
 294, 608
  295, 382
 295, 396
 295, 401
 295, 405
 295, 410
 295, 417
 295,  574
 295, 697
 296, 383
 296, 397
 296, 401
 296, 402
 296, 404
  296, 407
 296, 418
 296, 700
 297, 384
 297, 398
 297, 402
 297,  403
 297, 419
 297, 583
 297, 588
 297, 689
 298, 385
 298, 399
  298, 403
 298, 404
 298, 407
 298, 420
 298, 586
 298, 617
 299,  386
 299, 400
 299, 404
 299, 405
 299, 411
 299, 421
 299, 576
  299, 697
 300, 387
 300, 401
 300, 406
 300, 409
 300, 422
 300,  448
 300, 587
 300, 620
 301, 388
 301, 402
 301, 406
 301, 407
  301, 408
 301, 423
 301, 449
 301, 622
 302, 389
 302, 403
 302,  407
 302, 408
 302, 424
 302, 450
 302, 457
 302, 459
 303, 390
  303, 404
 303, 408
 303, 409
 303, 425
 303, 451
 303, 588
 303,  620
 304, 391
 304, 405
 304, 409
 304, 412
 304, 426
 304, 452
  304, 686
 304, 699
 305, 392
 305, 406
 305, 410
 305, 412
 305,  427
 305, 460
 305, 574
 305, 607
 306, 393
 306, 407
 306, 410
  306, 411
 306, 428
 306, 575
 306, 592
 306, 608
 307, 394
 307,  408
 307, 411
 307, 412
 307, 429
 307, 460
 307, 576
 307, 609
  308, 395
 308, 409
 308, 412
 308, 430
 308, 577
 308, 582
 308,  610
 308, 616
 309, 361
 309, 413
 309, 414
 309, 416
 309, 417
  309, 554
 309, 606
 309, 618
 310, 362
 310, 414
 310, 415
 310,  422
 310, 432
 310, 595
 310, 604
 310, 609
 311, 363
 311, 415
  311, 416
 311, 426
 311, 427
 311, 435
 311, 449
 311, 554
 312,  364
 312, 413
 312, 417
 312, 418
 312, 421
 312, 428
 312, 558
  312, 700
 313, 365
 313, 414
 313, 418
 313, 419
 313, 420
 313,  593
 313, 603
 313, 698
 314, 366
 314, 415
 314, 419
 314, 420
  314, 423
 314, 425
 314, 607
 314, 610
 315, 367
 315, 416
 315,  420
 315, 421
 315, 428
 315, 559
 315, 597
 315, 617
 316, 368
  316, 417
 316, 422
 316, 426
 316, 427
 316, 431
 316, 620
 316,  676
 317, 369
 317, 418
 317, 422
 317, 423
 317, 425
 317, 432
  317, 599
 317, 699
 318, 370
 318, 419
 318, 423
 318, 424
 318,  433
 318, 441
 318, 603
 318, 615
 319, 371
 319, 420
 319, 424
  319, 425
 319, 434
 319, 444
 319, 599
 319, 611
 320, 372
 320,  421
 320, 425
 320, 426
 320, 429
 320, 435
 320, 620
 320, 677
  321, 373
 321, 422
 321, 427
 321, 430
 321, 448
 321, 460
 321,  557
 321, 566
 322, 374
 322, 423
 322, 427
 322, 428
 322, 429
  322, 449
 322, 558
 322, 616
 323, 375
 323, 424
 323, 428
 323,  429
 323, 445
 323, 447
 323, 450
 323, 559
 324, 376
 324, 425
  324, 429
 324, 430
 324, 451
 324, 460
 324, 560
 324, 567
 325,  377
 325, 426
 325, 430
 325, 452
 325, 561
 325, 604
 325, 622
  325, 680
 326, 378
 326, 413
 326, 431
 326, 432
 326, 435
 326,  449
 326, 616
 326, 673
 327, 379
 327, 414
 327, 432
 327, 433
  327, 434
 327, 436
 327, 615
 327, 692
 328, 380
 328, 415
 328,  433
 328, 434
 328, 441
 328, 444
 328, 594
 328, 596
 329, 381
  329, 416
 329, 434
 329, 435
 329, 440
 329, 445
 329, 450
 329,  673
 330, 382
 330, 417
 330, 431
 330, 436
 330, 440
 330, 445
  330, 453
 330, 715
 331, 383
 331, 418
 331, 432
 331, 436
 331,  437
 331, 439
 331, 442
 331, 719
 332, 384
 332, 419
 332, 433
  332, 437
 332, 438
 332, 607
 332, 612
 332, 698
 333, 385
 333,  420
 333, 434
 333, 438
 333, 439
 333, 442
 333, 610
 333, 691
  334, 386
 334, 421
 334, 435
 334, 439
 334, 440
 334, 446
 334,  455
 334, 715
 335, 387
 335, 422
 335, 436
 335, 441
 335, 444
  335, 593
 335, 611
 335, 694
 336, 388
 336, 423
 336, 437
 336,  441
 336, 442
 336, 443
 336, 594
 336, 696
 337, 389
 337, 424
  337, 438
 337, 442
 337, 443
 337, 595
 337, 602
 337, 604
 338,  390
 338, 425
 338, 439
 338, 443
 338, 444
 338, 596
 338, 612
  338, 694
 339, 391
 339, 426
 339, 440
 339, 444
 339, 447
 339,  597
 339, 621
 339, 717
 340, 392
 340, 427
 340, 441
 340, 445
  340, 447
 340, 453
 340, 605
 340, 672
 341, 393
 341, 428
 341,  442
 341, 445
 341, 446
 341, 454
 341, 616
 341, 673
 342, 394
  342, 429
 342, 443
 342, 446
 342, 447
 342, 455
 342, 605
 342,  674
 343, 395
 343, 430
 343, 444
 343, 447
 343, 456
 343, 461
  343, 675
 343, 681
 344, 396
 344, 431
 344, 448
 344, 452
 344,  460
 344, 552
 344, 607
 344, 682
 345, 397
 345, 432
 345, 448
  345, 449
 345, 451
 345, 553
 345, 584
 345, 622
 346, 398
 346,  433
 346, 449
 346, 450
 346, 453
 346, 554
 346, 618
 346, 621
  347, 399
 347, 434
 347, 450
 347, 451
 347, 456
 347, 457
 347,  555
 347, 584
 348, 400
 348, 435
 348, 451
 348, 452
 348, 460
  348, 556
 348, 609
 348, 683
 349, 401
 349, 436
 349, 448
 349,  453
 349, 456
 349, 457
 349, 557
 349, 688
 350, 402
 350, 437
  350, 449
 350, 453
 350, 454
 350, 455
 350, 558
 350, 700
 351,  403
 351, 438
 351, 450
 351, 454
 351, 455
 351, 559
 351, 617
  351, 619
 352, 404
 352, 439
 352, 451
 352, 455
 352, 456
 352,  458
 352, 560
 352, 688
 353, 405
 353, 440
 353, 452
 353, 456
  353, 461
 353, 561
 353, 613
 353, 718
 354, 406
 354, 441
 354,  453
 354, 457
 354, 459
 354, 562
 354, 583
 354, 590
 355, 407
  355, 442
 355, 454
 355, 457
 355, 458
 355, 563
 355, 584
 355,  622
 356, 408
 356, 443
 356, 455
 356, 458
 356, 459
 356, 564
  356, 585
 356, 590
 357, 409
 357, 444
 357, 456
 357, 459
 357,  565
 357, 586
 357, 621
 357, 690
 358, 410
 358, 445
 358, 457
  358, 460
 358, 461
 358, 566
 358, 611
 358, 682
 359, 411
 359,  446
 359, 458
 359, 460
 359, 461
 359, 567
 359, 612
 359, 683
  360, 412
 360, 447
 360, 459
 360, 461
 360, 568
 360, 592
 360,  613
 360, 684
 361, 462
 361, 463
 361, 465
 361, 466
 361, 513
  361, 636
 361, 648
 362, 463
 362, 464
 362, 471
 362, 481
 362,  625
 362, 634
 362, 639
 363, 464
 363, 465
 363, 475
 363, 476
  363, 484
 363, 498
 363, 513
 364, 462
 364, 466
 364, 467
 364,  470
 364, 477
 364, 517
 364, 710
 365, 463
 365, 467
 365, 468
  365, 469
 365, 623
 365, 633
 365, 708
 366, 464
 366, 468
 366,  469
 366, 472
 366, 474
 366, 637
 366, 640
 367, 465
 367, 469
  367, 470
 367, 477
 367, 518
 367, 627
 367, 647
 368, 466
 368,  471
 368, 475
 368, 476
 368, 480
 368, 650
 368, 657
 369, 467
  369, 471
 369, 472
 369, 474
 369, 481
 369, 629
 369, 709
 370,  468
 370, 472
 370, 473
 370, 482
 370, 490
 370, 633
 370, 645
  371, 469
 371, 473
 371, 474
 371, 483
 371, 493
 371, 629
 371,  641
 372, 470
 372, 474
 372, 475
 372, 478
 372, 484
 372, 650
  372, 658
 373, 471
 373, 476
 373, 479
 373, 497
 373, 509
 373,  516
 373, 525
 374, 472
 374, 476
 374, 477
 374, 478
 374, 498
  374, 517
 374, 646
 375, 473
 375, 477
 375, 478
 375, 494
 375,  496
 375, 499
 375, 518
 376, 474
 376, 478
 376, 479
 376, 500
  376, 509
 376, 519
 376, 526
 377, 475
 377, 479
 377, 501
 377,  520
 377, 634
 377, 652
 377, 661
 378, 462
 378, 480
 378, 481
  378, 484
 378, 498
 378, 646
 378, 654
 379, 463
 379, 481
 379,  482
 379, 483
 379, 485
 379, 645
 379, 702
 380, 464
 380, 482
  380, 483
 380, 490
 380, 493
 380, 624
 380, 626
 381, 465
 381,  483
 381, 484
 381, 489
 381, 494
 381, 499
 381, 654
 382, 466
  382, 480
 382, 485
 382, 489
 382, 494
 382, 502
 382, 711
 383,  467
 383, 481
 383, 485
 383, 486
 383, 488
 383, 491
 384, 468
  384, 482
 384, 486
 384, 487
 384, 637
 384, 642
 384, 708
 385,  469
 385, 483
 385, 487
 385, 488
 385, 491
 385, 640
 385, 701
  386, 470
 386, 484
 386, 488
 386, 489
 386, 495
 386, 504
 386,  711
 387, 471
 387, 485
 387, 490
 387, 493
 387, 623
 387, 641
  387, 704
 388, 472
 388, 486
 388, 490
 388, 491
 388, 492
 388,  624
 388, 706
 389, 473
 389, 487
 389, 491
 389, 492
 389, 625
  389, 632
 389, 634
 390, 474
 390, 488
 390, 492
 390, 493
 390,  626
 390, 642
 390, 704
 391, 475
 391, 489
 391, 493
 391, 496
  391, 627
 391, 651
 391, 713
 392, 476
 392, 490
 392, 494
 392,  496
 392, 502
 392, 635
 392, 653
 393, 477
 393, 491
 393, 494
  393, 495
 393, 503
 393, 646
 393, 654
 394, 478
 394, 492
 394,  495
 394, 496
 394, 504
 394, 635
 394, 655
 395, 479
 395, 493
  395, 496
 395, 505
 395, 510
 395, 656
 395, 662
 396, 480
 396,  497
 396, 501
 396, 509
 396, 511
 396, 637
 396, 663
 397, 481
  397, 497
 397, 498
 397, 500
 397, 512
 397, 543
 397, 652
 398,  482
 398, 498
 398, 499
 398, 502
 398, 513
 398, 648
 398, 651
  399, 483
 399, 499
 399, 500
 399, 505
 399, 506
 399, 514
 399,  543
 400, 484
 400, 500
 400, 501
 400, 509
 400, 515
 400, 639
  400, 664
 401, 485
 401, 497
 401, 502
 401, 505
 401, 506
 401,  516
 401, 669
 402, 486
 402, 498
 402, 502
 402, 503
 402, 504
  402, 517
 402, 710
 403, 487
 403, 499
 403, 503
 403, 504
 403,  518
 403, 647
 403, 649
 404, 488
 404, 500
 404, 504
 404, 505
  404, 507
 404, 519
 404, 669
 405, 489
 405, 501
 405, 505
 405,  510
 405, 520
 405, 643
 405, 714
 406, 490
 406, 502
 406, 506
  406, 508
 406, 521
 406, 542
 406, 549
 407, 491
 407, 503
 407,  506
 407, 507
 407, 522
 407, 543
 407, 652
 408, 492
 408, 504
  408, 507
 408, 508
 408, 523
 408, 544
 408, 549
 409, 493
 409,  505
 409, 508
 409, 524
 409, 545
 409, 651
 409, 671
 410, 494
  410, 506
 410, 509
 410, 510
 410, 525
 410, 641
 410, 663
 411,  495
 411, 507
 411, 509
 411, 510
 411, 526
 411, 642
 411, 664
  412, 496
 412, 508
 412, 510
 412, 527
 412, 551
 412, 643
 412,  665
 413, 462
 413, 511
 413, 512
 413, 515
 413, 543
 413, 624
  413, 662
 414, 463
 414, 512
 414, 513
 414, 514
 414, 516
 414,  661
 414, 664
 415, 464
 415, 513
 415, 514
 415, 521
 415, 524
  415, 529
 415, 531
 416, 465
 416, 514
 416, 515
 416, 520
 416,  525
 416, 543
 416, 625
 417, 466
 417, 511
 417, 516
 417, 520
  417, 525
 417, 628
 417, 669
 418, 467
 418, 512
 418, 516
 418,  517
 418, 519
 418, 522
 418, 714
 419, 468
 419, 513
 419, 517
  419, 518
 419, 653
 419, 658
 419, 712
 420, 469
 420, 514
 420,  518
 420, 519
 420, 522
 420, 656
 420, 663
 421, 470
 421, 515
  421, 519
 421, 520
 421, 526
 421, 630
 421, 669
 422, 471
 422,  516
 422, 521
 422, 524
 422, 528
 422, 657
 422, 666
 423, 472
  423, 517
 423, 521
 423, 522
 423, 523
 423, 529
 423, 668
 424,  473
 424, 518
 424, 522
 424, 523
 424, 530
 424, 537
 424, 539
  425, 474
 425, 519
 425, 523
 425, 524
 425, 531
 425, 658
 425,  666
 426, 475
 426, 520
 426, 524
 426, 527
 426, 532
 426, 671
  426, 705
 427, 476
 427, 521
 427, 525
 427, 527
 427, 540
 427,  542
 427, 628
 428, 477
 428, 522
 428, 525
 428, 526
 428, 543
  428, 629
 428, 662
 429, 478
 429, 523
 429, 526
 429, 527
 429,  540
 429, 544
 429, 630
 430, 479
 430, 524
 430, 527
 430, 545
  430, 551
 430, 631
 430, 636
 431, 480
 431, 511
 431, 528
 431,  532
 431, 540
 431, 542
 431, 701
 432, 481
 432, 512
 432, 528
  432, 529
 432, 531
 432, 654
 432, 668
 433, 482
 433, 513
 433,  529
 433, 530
 433, 533
 433, 664
 433, 667
 434, 483
 434, 514
  434, 530
 434, 531
 434, 536
 434, 537
 434, 654
 435, 484
 435,  515
 435, 531
 435, 532
 435, 540
 435, 544
 435, 702
 436, 485
  436, 516
 436, 528
 436, 533
 436, 536
 436, 537
 436, 711
 437,  486
 437, 517
 437, 529
 437, 533
 437, 534
 437, 535
 437, 714
  438, 487
 438, 518
 438, 530
 438, 534
 438, 535
 438, 663
 438,  665
 439, 488
 439, 519
 439, 531
 439, 535
 439, 536
 439, 538
  439, 711
 440, 489
 440, 520
 440, 532
 440, 536
 440, 541
 440,  548
 441, 490
 441, 521
 441, 533
 441, 537
 441, 539
 441, 653
  441, 660
 442, 491
 442, 522
 442, 534
 442, 537
 442, 538
 442,  654
 442, 668
 443, 492
 443, 523
 443, 535
 443, 538
 443, 539
  443, 655
 443, 660
 444, 493
 444, 524
 444, 536
 444, 539
 444,  656
 444, 667
 444, 713
 445, 494
 445, 525
 445, 537
 445, 540
  445, 541
 445, 546
 445, 701
 446, 495
 446, 526
 446, 538
 446,  540
 446, 541
 446, 547
 446, 702
 447, 496
 447, 527
 447, 539
  447, 541
 447, 548
 447, 662
 447, 703
 448, 497
 448, 528
 448,  542
 448, 545
 448, 549
 448, 623
 448, 647
 449, 498
 449, 529
  449, 542
 449, 543
 449, 544
 449, 624
 449, 671
 450, 499
 450,  530
 450, 543
 450, 544
 450, 546
 450, 548
 450, 625
 451, 500
  451, 531
 451, 544
 451, 545
 451, 549
 451, 626
 451, 648
 452,  501
 452, 532
 452, 545
 452, 551
 452, 627
 452, 665
 452, 708
  453, 502
 453, 533
 453, 542
 453, 546
 453, 548
 453, 628
 453,  669
 454, 503
 454, 534
 454, 543
 454, 546
 454, 547
 454, 629
  454, 671
 455, 504
 455, 535
 455, 544
 455, 547
 455, 548
 455,  630
 455, 669
 456, 505
 456, 536
 456, 545
 456, 548
 456, 550
  456, 631
 456, 710
 457, 506
 457, 537
 457, 546
 457, 549
 457,  550
 457, 632
 457, 647
 458, 507
 458, 538
 458, 547
 458, 549
  458, 550
 458, 633
 458, 648
 459, 508
 459, 539
 459, 548
 459,  550
 459, 634
 459, 649
 459, 652
 460, 509
 460, 540
 460, 549
  460, 551
 460, 635
 460, 666
 460, 707
 461, 510
 461, 541
 461,  550
 461, 551
 461, 636
 461, 667
 461, 708
 462, 552
 462, 553
  462, 556
 462, 584
 462, 594
 462, 681
 463, 553
 463, 554
 463,  555
 463, 557
 463, 680
 463, 683
 464, 554
 464, 555
 464, 562
  464, 565
 464, 570
 464, 572
 465, 555
 465, 556
 465, 561
 465,  566
 465, 584
 465, 595
 466, 552
 466, 557
 466, 561
 466, 566
  466, 598
 466, 688
 467, 553
 467, 557
 467, 558
 467, 560
 467,  563
 467, 718
 468, 554
 468, 558
 468, 559
 468, 672
 468, 677
  468, 716
 469, 555
 469, 559
 469, 560
 469, 563
 469, 675
 469,  682
 470, 556
 470, 560
 470, 561
 470, 567
 470, 600
 470, 688
  471, 557
 471, 562
 471, 565
 471, 569
 471, 676
 471, 685
 472,  558
 472, 562
 472, 563
 472, 564
 472, 570
 472, 687
 473, 559
  473, 563
 473, 564
 473, 571
 473, 578
 473, 580
 474, 560
 474,  564
 474, 565
 474, 572
 474, 677
 474, 685
 475, 561
 475, 565
  475, 568
 475, 573
 475, 690
 475, 695
 476, 562
 476, 566
 476,  568
 476, 581
 476, 583
 476, 598
 477, 563
 477, 566
 477, 567
  477, 584
 477, 599
 477, 681
 478, 564
 478, 567
 478, 568
 478,  581
 478, 585
 478, 600
 479, 565
 479, 568
 479, 586
 479, 592
  479, 601
 479, 606
 480, 552
 480, 569
 480, 573
 480, 581
 480,  583
 480, 691
 481, 553
 481, 569
 481, 570
 481, 572
 481, 673
  481, 687
 482, 554
 482, 570
 482, 571
 482, 574
 482, 683
 482,  686
 483, 555
 483, 571
 483, 572
 483, 577
 483, 578
 483, 673
  484, 556
 484, 572
 484, 573
 484, 581
 484, 585
 484, 692
 485,  557
 485, 569
 485, 574
 485, 577
 485, 578
 485, 715
 486, 558
  486, 570
 486, 574
 486, 575
 486, 576
 486, 718
 487, 559
 487,  571
 487, 575
 487, 576
 487, 682
 487, 684
 488, 560
 488, 572
  488, 576
 488, 577
 488, 579
 488, 715
 489, 561
 489, 573
 489,  577
 489, 582
 489, 589
 489, 719
 490, 562
 490, 574
 490, 578
  490, 580
 490, 672
 490, 679
 491, 563
 491, 575
 491, 578
 491,  579
 491, 673
 491, 687
 492, 564
 492, 576
 492, 579
 492, 580
  492, 674
 492, 679
 493, 565
 493, 577
 493, 580
 493, 675
 493,  686
 493, 717
 494, 566
 494, 578
 494, 581
 494, 582
 494, 587
  494, 691
 495, 567
 495, 579
 495, 581
 495, 582
 495, 588
 495,  692
 496, 568
 496, 580
 496, 582
 496, 589
 496, 681
 496, 693
  497, 569
 497, 583
 497, 586
 497, 590
 497, 593
 497, 617
 498,  570
 498, 583
 498, 584
 498, 585
 498, 594
 498, 690
 499, 571
  499, 584
 499, 585
 499, 587
 499, 589
 499, 595
 500, 572
 500,  585
 500, 586
 500, 590
 500, 596
 500, 618
 501, 573
 501, 586
  501, 592
 501, 597
 501, 684
 501, 698
 502, 574
 502, 583
 502,  587
 502, 589
 502, 598
 502, 688
 503, 575
 503, 584
 503, 587
  503, 588
 503, 599
 503, 690
 504, 576
 504, 585
 504, 588
 504,  589
 504, 600
 504, 688
 505, 577
 505, 586
 505, 589
 505, 591
  505, 601
 505, 700
 506, 578
 506, 587
 506, 590
 506, 591
 506,  602
 506, 617
 507, 579
 507, 588
 507, 590
 507, 591
 507, 603
  507, 618
 508, 580
 508, 589
 508, 591
 508, 604
 508, 619
 508,  622
 509, 581
 509, 590
 509, 592
 509, 605
 509, 685
 509, 697
  510, 582
 510, 591
 510, 592
 510, 606
 510, 686
 510, 698
 511,  552
 511, 593
 511, 597
 511, 605
 511, 617
 511, 672
 512, 553
  512, 593
 512, 594
 512, 596
 512, 608
 512, 696
 513, 554
 513,  594
 513, 595
 513, 598
 513, 692
 513, 695
 514, 555
 514, 595
  514, 596
 514, 601
 514, 602
 514, 608
 515, 556
 515, 596
 515,  597
 515, 605
 515, 618
 515, 674
 516, 557
 516, 593
 516, 598
  516, 601
 516, 602
 516, 697
 517, 558
 517, 594
 517, 598
 517,  599
 517, 600
 517, 719
 518, 559
 518, 595
 518, 599
 518, 600
  518, 691
 518, 693
 519, 560
 519, 596
 519, 600
 519, 601
 519,  603
 519, 697
 520, 561
 520, 597
 520, 601
 520, 606
 520, 678
  520, 700
 521, 562
 521, 598
 521, 602
 521, 604
 521, 607
 521,  614
 522, 563
 522, 599
 522, 602
 522, 603
 522, 608
 522, 696
  523, 564
 523, 600
 523, 603
 523, 604
 523, 609
 523, 614
 524,  565
 524, 601
 524, 604
 524, 610
 524, 695
 524, 699
 525, 566
  525, 602
 525, 605
 525, 606
 525, 617
 525, 676
 526, 567
 526,  603
 526, 605
 526, 606
 526, 618
 526, 677
 527, 568
 527, 604
  527, 606
 527, 616
 527, 619
 527, 678
 528, 569
 528, 593
 528,  607
 528, 610
 528, 614
 528, 691
 529, 570
 529, 594
 529, 607
  529, 608
 529, 609
 529, 699
 530, 571
 530, 595
 530, 608
 530,  609
 530, 611
 530, 613
 531, 572
 531, 596
 531, 609
 531, 610
  531, 614
 531, 692
 532, 573
 532, 597
 532, 610
 532, 616
 532,  619
 532, 716
 533, 574
 533, 598
 533, 607
 533, 611
 533, 613
  533, 697
 534, 575
 534, 599
 534, 608
 534, 611
 534, 612
 534,  699
 535, 576
 535, 600
 535, 609
 535, 612
 535, 613
 535, 697
  536, 577
 536, 601
 536, 610
 536, 613
 536, 615
 536, 719
 537,  578
 537, 602
 537, 611
 537, 614
 537, 615
 537, 691
 538, 579
  538, 603
 538, 612
 538, 614
 538, 615
 538, 692
 539, 580
 539,  604
 539, 613
 539, 615
 539, 693
 539, 696
 540, 581
 540, 605
  540, 614
 540, 616
 540, 620
 540, 715
 541, 582
 541, 606
 541,  615
 541, 616
 541, 621
 541, 716
 542, 583
 542, 607
 542, 617
  542, 619
 542, 620
 542, 672
 543, 584
 543, 608
 543, 617
 543,  618
 543, 673
 543, 700
 544, 585
 544, 609
 544, 618
 544, 619
  544, 620
 544, 674
 545, 586
 545, 610
 545, 619
 545, 622
 545,  675
 545, 689
 546, 587
 546, 611
 546, 617
 546, 620
 546, 621
  546, 676
 547, 588
 547, 612
 547, 618
 547, 620
 547, 621
 547,  677
 548, 589
 548, 613
 548, 619
 548, 621
 548, 678
 548, 700
  549, 590
 549, 614
 549, 620
 549, 622
 549, 679
 549, 688
 550,  591
 550, 615
 550, 621
 550, 622
 550, 680
 550, 689
 551, 592
  551, 616
 551, 622
 551, 681
 551, 699
 551, 718
 552, 623
 552,  627
 552, 635
 552, 647
 552, 653
 553, 623
 553, 624
 553, 626
  553, 638
 553, 706
 554, 624
 554, 625
 554, 628
 554, 702
 554,  705
 555, 625
 555, 626
 555, 631
 555, 632
 555, 638
 556, 626
  556, 627
 556, 635
 556, 648
 556, 655
 557, 623
 557, 628
 557,  631
 557, 632
 557, 707
 558, 624
 558, 628
 558, 629
 558, 630
  559, 625
 559, 629
 559, 630
 559, 701
 559, 703
 560, 626
 560,  630
 560, 631
 560, 633
 560, 707
 561, 627
 561, 631
 561, 636
  561, 659
 561, 710
 562, 628
 562, 632
 562, 634
 562, 637
 562,  644
 563, 629
 563, 632
 563, 633
 563, 638
 563, 706
 564, 630
  564, 633
 564, 634
 564, 639
 564, 644
 565, 631
 565, 634
 565,  640
 565, 705
 565, 709
 566, 632
 566, 635
 566, 636
 566, 647
  566, 657
 567, 633
 567, 635
 567, 636
 567, 648
 567, 658
 568,  634
 568, 636
 568, 646
 568, 649
 568, 659
 569, 623
 569, 637
  569, 640
 569, 644
 569, 701
 570, 624
 570, 637
 570, 638
 570,  639
 570, 709
 571, 625
 571, 638
 571, 639
 571, 641
 571, 643
  572, 626
 572, 639
 572, 640
 572, 644
 572, 702
 573, 627
 573,  640
 573, 646
 573, 649
 573, 712
 574, 628
 574, 637
 574, 641
  574, 643
 574, 707
 575, 629
 575, 638
 575, 641
 575, 642
 575,  709
 576, 630
 576, 639
 576, 642
 576, 643
 576, 707
 577, 631
  577, 640
 577, 643
 577, 645
 578, 632
 578, 641
 578, 644
 578,  645
 578, 701
 579, 633
 579, 642
 579, 644
 579, 645
 579, 702
  580, 634
 580, 643
 580, 645
 580, 703
 580, 706
 581, 635
 581,  644
 581, 646
 581, 650
 581, 711
 582, 636
 582, 645
 582, 646
  582, 651
 582, 712
 583, 637
 583, 647
 583, 649
 583, 650
 583,  653
 584, 638
 584, 647
 584, 648
 584, 654
 584, 710
 585, 639
  585, 648
 585, 649
 585, 650
 585, 655
 586, 640
 586, 649
 586,  652
 586, 656
 586, 670
 587, 641
 587, 647
 587, 650
 587, 651
  587, 657
 588, 642
 588, 648
 588, 650
 588, 651
 588, 658
 589,  643
 589, 649
 589, 651
 589, 659
 589, 710
 590, 644
 590, 650
  590, 652
 590, 660
 590, 669
 591, 645
 591, 651
 591, 652
 591,  661
 591, 670
 592, 646
 592, 652
 592, 662
 592, 709
 592, 714
  593, 623
 593, 653
 593, 656
 593, 660
 593, 663
 594, 624
 594,  653
 594, 654
 594, 655
 594, 713
 595, 625
 595, 654
 595, 655
  595, 657
 595, 659
 596, 626
 596, 655
 596, 656
 596, 660
 596,  664
 597, 627
 597, 656
 597, 662
 597, 670
 597, 703
 598, 628
  598, 653
 598, 657
 598, 659
 598, 711
 599, 629
 599, 654
 599,  657
 599, 658
 599, 713
 600, 630
 600, 655
 600, 658
 600, 659
  600, 711
 601, 631
 601, 656
 601, 659
 601, 661
 601, 714
 602,  632
 602, 657
 602, 660
 602, 661
 602, 663
 603, 633
 603, 658
  603, 660
 603, 661
 603, 664
 604, 634
 604, 659
 604, 661
 604,  665
 604, 668
 605, 635
 605, 660
 605, 662
 605, 669
 605, 704
  606, 636
 606, 661
 606, 662
 606, 670
 606, 705
 607, 637
 607,  653
 607, 663
 607, 665
 607, 666
 608, 638
 608, 654
 608, 663
  608, 664
 608, 714
 609, 639
 609, 655
 609, 664
 609, 665
 609,  666
 610, 640
 610, 656
 610, 665
 610, 668
 610, 712
 611, 641
  611, 657
 611, 663
 611, 666
 611, 667
 612, 642
 612, 658
 612,  664
 612, 666
 612, 667
 613, 643
 613, 659
 613, 665
 613, 667
  613, 714
 614, 644
 614, 660
 614, 666
 614, 668
 614, 711
 615,  645
 615, 661
 615, 667
 615, 668
 615, 712
 616, 646
 616, 662
  616, 668
 616, 671
 617, 647
 617, 663
 617, 669
 617, 670
 617,  701
 618, 648
 618, 664
 618, 669
 618, 670
 618, 702
 619, 649
  619, 665
 619, 670
 619, 671
 619, 703
 620, 650
 620, 666
 620,  669
 620, 671
 620, 704
 621, 651
 621, 667
 621, 670
 621, 671
  621, 705
 622, 652
 622, 668
 622, 671
 622, 706
 622, 710
 623,  672
 623, 675
 623, 679
 623, 682
 624, 672
 624, 673
 624, 674
  624, 717
 625, 673
 625, 674
 625, 676
 625, 678
 626, 674
 626,  675
 626, 679
 626, 683
 627, 675
 627, 681
 627, 689
 627, 693
  628, 672
 628, 676
 628, 678
 628, 715
 629, 673
 629, 676
 629,  677
 629, 717
 630, 674
 630, 677
 630, 678
 630, 715
 631, 675
  631, 678
 631, 680
 631, 718
 632, 676
 632, 679
 632, 680
 632,  682
 633, 677
 633, 679
 633, 680
 633, 683
 634, 678
 634, 680
  634, 684
 634, 687
 635, 679
 635, 681
 635, 688
 635, 694
 636,  680
 636, 681
 636, 689
 636, 695
 637, 672
 637, 682
 637, 684
  637, 685
 638, 673
 638, 682
 638, 683
 638, 718
 639, 674
 639,  683
 639, 684
 639, 685
 640, 675
 640, 684
 640, 687
 640, 716
  641, 676
 641, 682
 641, 685
 641, 686
 642, 677
 642, 683
 642,  685
 642, 686
 643, 678
 643, 684
 643, 686
 643, 718
 644, 679
  644, 685
 644, 687
 644, 715
 645, 680
 645, 686
 645, 687
 645,  716
 646, 681
 646, 687
 646, 690
 646, 719
 647, 682
 647, 688
  647, 689
 647, 691
 648, 683
 648, 688
 648, 689
 648, 692
 649,  684
 649, 689
 649, 690
 649, 693
 650, 685
 650, 688
 650, 690
  650, 694
 651, 686
 651, 689
 651, 690
 651, 695
 652, 687
 652,  690
 652, 696
 652, 700
 653, 672
 653, 691
 653, 693
 653, 694
  654, 673
 654, 691
 654, 692
 654, 719
 655, 674
 655, 692
 655,  693
 655, 694
 656, 675
 656, 693
 656, 696
 656, 698
 657, 676
  657, 691
 657, 694
 657, 695
 658, 677
 658, 692
 658, 694
 658,  695
 659, 678
 659, 693
 659, 695
 659, 719
 660, 679
 660, 694
  660, 696
 660, 697
 661, 680
 661, 695
 661, 696
 661, 698
 662,  681
 662, 696
 662, 700
 662, 717
 663, 682
 663, 691
 663, 697
  663, 698
 664, 683
 664, 692
 664, 697
 664, 698
 665, 684
 665,  693
 665, 698
 665, 699
 666, 685
 666, 694
 666, 697
 666, 699
  667, 686
 667, 695
 667, 698
 667, 699
 668, 687
 668, 696
 668,  699
 668, 719
 669, 688
 669, 697
 669, 700
 669, 715
 670, 689
  670, 698
 670, 700
 670, 716
 671, 690
 671, 699
 671, 700
 671,  717
 672, 701
 672, 703
 672, 704
 673, 701
 673, 702
 674, 702
  674, 703
 674, 704
 675, 703
 675, 706
 675, 708
 676, 701
 676,  704
 676, 705
 677, 702
 677, 704
 677, 705
 678, 703
 678, 705
  679, 704
 679, 706
 679, 707
 680, 705
 680, 706
 680, 708
 681,  706
 681, 710
 681, 713
 682, 701
 682, 707
 682, 708
 683, 702
  683, 707
 683, 708
 684, 703
 684, 708
 684, 709
 685, 704
 685,  707
 685, 709
 686, 705
 686, 708
 686, 709
 687, 706
 687, 709
  688, 707
 688, 710
 688, 711
 689, 708
 689, 710
 689, 712
 690,  709
 690, 710
 690, 713
 691, 701
 691, 711
 691, 712
 692, 702
  692, 711
 692, 712
 693, 703
 693, 712
 693, 713
 694, 704
 694,  711
 694, 713
 695, 705
 695, 712
 695, 713
 696, 706
 696, 713
  696, 714
 697, 707
 697, 711
 697, 714
 698, 708
 698, 712
 698,  714
 699, 709
 699, 713
 699, 714
 700, 710
 700, 714
 701, 715
  701, 716
 702, 715
 702, 716
 703, 716
 703, 717
 704, 715
 704,  717
 705, 716
 705, 717
 706, 717
 706, 718
 707, 715
 707, 718
  708, 716
 708, 718
 709, 717
 709, 718
 710, 718
 710, 719
 711,  715
 711, 719
 712, 716
 712, 719
 713, 717
 713, 719
 714, 718
  714, 719